CASEID,PPETHM,PPEDUCAT,W1_C1,W1_F6,W1_A5A,W2_DURATION
1,4,2,1,7,1,23
2,2,1,2,3,,
3,2,4,3,7,2,19
4,2,4,2,5,2,8
5,1,4,3,7,2,
6,1,1,4,5,,11
7,2,4,2,7,2,26
8,1,2,3,4,,
9,1,4,3,6,2,15
10,1,3,1,7,1,12
11,3,2,-1,-1,,11
12,1,3,3,1,,54
13,1,4,1,9,1,19
14,4,4,1,6,,
15,1,4,2,9,2,11
16,4,2,2,7,2,12534
17,1,4,1,7,,
18,2,2,3,6,2,18
19,1,4,3,6,1,
20,2,4,2,7,2,19
21,5,3,2,8,2,
22,2,2,2,8,2,17
23,2,1,4,2,-1,12
24,1,2,2,8,1,
25,1,2,1,-1,1,10
26,1,3,3,3,,14
27,1,4,3,7,2,14
28,1,4,1,9,1,17
29,2,4,1,8,1,13
30,2,2,4,5,,
31,1,2,2,-1,3,1
32,1,4,1,8,1,22
33,2,4,3,7,2,30
34,1,2,3,8,1,14
35,2,3,3,5,2,16
36,1,4,3,8,1,
37,1,4,2,7,2,9
38,1,4,2,9,2,
39,2,4,3,7,2,16
40,2,4,2,10,2,20
41,1,3,2,7,,21
42,2,3,2,10,2,12
43,1,4,3,9,1,14
44,5,2,2,7,,40
45,1,4,3,5,2,12
46,1,4,1,7,1,125
47,1,4,2,2,2,15
48,2,3,4,7,,
49,2,2,2,6,2,14
50,1,3,1,5,1,27
51,2,4,3,7,2,
52,1,2,1,10,1,19
53,2,3,3,7,,
54,2,3,2,8,2,185
55,4,2,2,6,2,11
56,2,2,3,4,,17
57,2,3,2,7,,
58,3,1,3,10,,5
59,1,4,3,6,1,19
60,5,2,4,3,,422
61,1,2,2,7,2,15
62,1,3,1,10,,4447
63,2,4,2,5,2,708
64,1,3,1,5,1,7
65,2,2,2,5,2,16
66,2,4,2,7,2,18
67,4,2,1,6,,320
68,1,1,3,9,,14
69,2,2,2,2,2,20
70,1,3,3,10,2,17
71,1,2,4,6,,12
72,2,3,4,7,,
73,2,4,3,7,2,15
74,2,3,2,6,2,28
75,1,4,2,8,2,9
76,1,4,1,6,,10
77,2,4,1,6,2,11
78,2,4,2,6,2,11
79,2,1,1,7,2,20
80,1,2,1,6,1,18
81,1,3,3,6,1,17
82,2,4,2,10,2,12
83,2,4,3,9,2,13
84,1,3,2,3,,15
85,2,4,3,6,2,
86,2,1,3,5,2,
87,2,4,2,5,2,18
88,4,2,1,7,1,46
89,2,2,2,10,2,14
90,4,2,1,5,2,13
91,1,3,1,8,1,
92,1,3,3,5,1,17
93,1,4,3,10,1,16
94,2,2,2,8,2,
95,2,4,2,7,2,
96,2,3,2,6,2,
97,2,4,2,8,2,
98,4,1,2,8,,25
99,4,3,3,7,2,17
100,4,1,3,-1,,1
101,1,3,3,6,1,13
102,1,3,4,6,,15
103,2,2,3,6,2,15
104,2,4,-1,7,,51
105,2,3,2,4,2,27
106,2,4,2,10,2,8
107,2,4,2,6,2,15
108,2,2,2,8,2,45
109,2,3,2,6,2,19
110,1,1,1,7,,
111,1,4,1,9,1,15
112,3,4,3,5,,
113,2,4,2,8,2,13
114,2,4,2,8,2,10
115,2,2,2,3,2,12
116,2,3,2,6,2,528
117,1,4,3,9,1,9
118,2,2,2,6,2,9
119,1,3,2,7,,15
120,1,3,1,6,1,25
121,2,2,2,8,2,18
122,1,2,3,7,2,29
123,2,1,2,4,,
124,2,4,2,7,2,6
125,2,1,3,7,2,
126,2,3,2,5,2,
127,2,3,2,9,2,
128,1,3,1,9,1,17
129,2,2,2,5,2,
130,4,2,3,7,,18
131,2,2,2,4,2,
132,2,4,3,10,2,18
133,1,4,2,6,2,12
134,2,3,2,10,2,
135,2,2,2,6,,1987
136,2,3,3,5,2,
137,2,2,2,9,2,2578
138,1,3,2,5,2,145
139,2,3,2,3,,9
140,2,2,2,3,2,20
141,1,3,1,6,1,284
142,2,3,2,7,2,18
143,1,3,3,7,-1,
144,2,3,3,5,,163
145,1,4,3,1,2,13
146,2,3,3,10,2,
147,2,3,2,10,2,19
148,1,3,3,10,1,27
149,1,1,1,7,1,20
150,2,4,2,7,2,
151,2,3,3,9,2,
152,1,3,3,8,1,
153,1,3,1,9,1,
154,1,4,3,2,1,
155,3,4,3,6,2,21
156,1,2,2,5,2,
157,1,2,2,3,2,11
158,1,3,1,6,1,22
159,2,4,2,8,2,14
160,1,3,1,9,1,12
161,4,4,2,7,,
162,2,2,3,7,2,51
163,5,2,1,8,1,17
164,2,3,2,5,2,
165,1,3,2,8,2,
166,2,3,2,6,2,404
167,1,4,1,7,1,19
168,1,4,3,10,2,23
169,2,3,2,5,2,3109
170,1,2,1,8,1,
171,2,4,2,9,2,21
172,2,3,2,7,2,
173,1,4,2,7,2,10
174,2,3,-1,9,2,23
175,1,2,2,4,,14
176,2,2,3,5,2,18
177,2,1,2,8,2,
178,1,3,3,10,1,17
179,2,4,2,8,2,22
180,1,4,2,7,2,14
181,2,4,2,4,2,36
182,5,2,1,5,1,865
183,2,2,1,6,,7
184,2,3,3,5,2,10
185,1,4,1,10,1,
186,2,2,2,5,2,
187,2,1,1,7,,
188,1,4,2,1,,1423
189,1,3,1,10,1,10
190,1,3,3,5,1,18
191,2,1,2,-1,,60
192,2,2,4,5,,
193,1,4,2,5,2,15
194,1,3,2,6,,59
195,2,4,2,6,2,
196,2,2,3,7,,7
197,2,1,4,1,,20
198,2,3,2,9,2,12
199,1,3,3,6,1,10
200,2,4,2,7,2,14
201,1,3,1,9,1,43
202,1,4,2,9,2,19
203,2,2,2,3,,14
204,3,4,2,5,2,
205,1,4,1,7,1,9
206,1,4,2,8,,10
207,1,4,1,7,2,24
208,5,2,1,5,,8
209,1,2,1,8,1,14
210,2,2,2,6,2,4234
211,2,2,2,8,,19
212,1,2,2,6,3,12
213,2,2,3,5,2,95
214,2,3,4,7,3,
215,1,2,2,4,2,11
216,2,3,2,8,2,23
217,1,4,2,7,2,11
218,1,4,3,8,1,14
219,2,2,1,7,2,15
220,1,4,3,10,1,9
221,1,3,1,6,,3
222,1,3,3,10,2,
223,2,3,3,8,2,28
224,2,2,3,8,2,21
225,2,1,2,7,2,
226,1,3,3,5,1,6
227,1,1,2,6,,
228,4,1,3,10,1,8
229,1,4,3,10,2,20
230,2,2,2,4,2,12
231,1,2,1,4,1,25
232,1,4,2,8,2,8
233,2,2,2,-1,2,
234,2,3,2,6,2,5614
235,1,4,3,8,2,13
236,2,4,2,8,2,21
237,1,2,2,7,2,22
238,2,2,4,5,,
239,2,2,2,7,2,21
240,1,2,3,5,,5668
241,2,1,2,3,,13
242,2,4,3,8,2,25
243,2,4,4,8,2,36
244,2,3,3,7,2,1193
245,2,4,2,5,2,44
246,1,4,2,9,2,20
247,1,1,1,4,1,10
248,2,4,2,8,,
249,2,2,3,1,,
250,1,4,1,8,1,
251,1,4,3,7,1,14
252,1,4,2,9,2,25
253,2,3,2,1,2,
254,2,2,2,8,,7
255,2,2,3,10,,
256,1,2,2,3,1,9
257,2,4,4,7,2,18
258,2,2,2,5,,15
259,2,1,3,5,,
260,4,2,2,6,,
261,1,3,3,6,,
262,1,4,3,7,,
263,1,4,3,8,1,18
264,2,2,2,1,2,33
265,2,3,4,-1,,0
266,1,2,3,8,2,17
267,2,3,2,8,2,17
268,2,1,3,6,2,12
269,2,2,3,8,2,19
270,1,4,4,10,2,11
271,1,4,1,4,1,12
272,2,3,3,10,2,9
273,1,2,1,7,2,32
274,1,4,-1,5,2,7
275,1,2,3,9,,
276,2,2,2,6,2,24
277,1,3,3,10,,17
278,1,3,1,8,1,21
279,2,3,2,4,2,34
280,1,2,2,6,2,23
281,2,3,2,10,2,19
282,4,2,3,4,2,502
283,2,3,-1,-1,,3
284,2,4,2,6,2,96
285,4,2,2,10,2,15
286,2,4,2,8,2,15
287,1,4,1,8,1,11
288,2,4,2,9,2,12
289,2,2,2,7,2,
290,2,2,2,5,2,17
291,2,2,2,8,,
292,1,3,2,4,2,24
293,2,3,2,-1,2,38
294,2,3,2,5,2,6
295,1,2,2,7,,14
296,1,3,3,3,,12
297,2,3,2,9,2,11
298,2,1,2,8,2,20
299,2,4,3,6,2,
300,1,4,1,10,1,17
301,1,2,3,7,,18
302,2,4,2,5,2,12
303,2,4,3,8,2,
304,4,1,3,7,,
305,4,3,1,7,2,18
306,2,3,3,2,2,11
307,1,4,1,4,2,14
308,2,3,2,7,,22
309,1,3,1,8,1,13
310,2,3,2,5,2,4
311,1,3,2,10,2,14
312,2,2,2,4,,
313,2,3,2,6,2,72
314,2,2,3,4,2,598
315,2,4,-1,1,-1,
316,2,3,3,5,2,4989
317,2,2,2,4,,17
318,1,4,3,9,2,
319,2,4,2,10,,4380
320,1,3,1,7,1,
321,2,3,2,5,2,41
322,4,1,4,3,,15
323,2,2,2,7,2,19
324,2,2,3,6,,26
325,2,3,2,6,2,37
326,1,4,1,7,1,21
327,4,3,3,6,1,23
328,2,3,4,9,,36
329,2,3,2,7,2,14
330,2,4,2,6,2,3
331,1,2,3,7,2,11
332,2,2,2,6,2,
333,2,4,2,7,2,13
334,2,3,2,7,2,64
335,2,4,2,6,2,20
336,2,2,2,6,2,2812
337,1,3,2,7,,4113
338,1,2,1,3,1,8
339,1,3,3,7,,
340,1,2,1,7,1,16
341,2,1,1,4,,9
342,2,3,2,8,2,15
343,1,2,-1,8,,
344,1,3,3,8,2,
345,1,2,2,5,,19
346,2,2,3,6,2,
347,2,4,2,8,2,26
348,1,4,1,10,1,4375
349,1,4,3,7,1,36
350,1,4,1,7,1,9
351,1,4,1,6,-1,
352,2,2,2,5,,
353,2,4,2,9,2,6
354,2,1,3,6,,28
355,2,2,2,10,2,
356,2,3,2,6,,8
357,1,2,1,6,1,2340
358,1,3,1,3,1,16
359,2,4,2,8,2,12
360,2,3,2,1,2,11
361,2,2,2,10,,12
362,2,3,2,5,2,24
363,1,2,2,9,2,23
364,2,2,3,6,,15
365,5,2,-1,1,,48
366,2,2,2,10,2,12
367,1,2,3,3,2,10
368,4,2,2,7,2,36
369,1,4,3,6,1,10
370,1,2,3,7,2,44
371,2,2,2,6,2,19
372,1,4,4,10,,
373,1,1,1,5,1,16
374,5,4,3,8,2,18
375,2,2,2,5,2,
376,3,2,1,8,,21
377,3,4,3,7,,24
378,1,4,2,10,2,14
379,1,3,1,6,1,4
380,1,4,2,5,2,18
381,2,2,2,10,2,19
382,3,4,3,7,,31
383,2,4,2,7,2,12
384,2,2,2,5,2,13
385,2,4,3,8,2,19
386,1,2,3,5,,14
387,2,4,2,4,2,22
388,4,2,3,5,,16
389,2,4,1,8,2,39
390,1,2,2,5,2,12
391,2,2,2,5,2,12
392,1,2,2,6,2,12
393,2,1,2,5,,133
394,1,3,4,4,,25
395,1,2,4,5,1,10
396,2,3,2,9,,7
397,2,3,2,6,,9
398,1,4,3,7,2,7
399,2,3,2,5,2,12
400,2,4,2,1,2,29
401,1,3,1,8,1,11
402,1,2,3,9,2,
403,2,3,2,4,2,24
404,2,2,-1,3,,5
405,2,3,2,6,2,10
406,1,2,3,2,,1343
407,2,1,2,6,2,9
408,2,3,2,9,2,43
409,1,3,4,9,2,24
410,1,2,2,9,2,9
411,2,4,2,2,2,
412,1,3,1,4,1,17
413,2,4,3,10,1,15
414,2,4,2,7,2,16
415,2,3,2,6,2,26
416,1,1,2,9,2,16
417,1,4,1,7,1,23
418,2,2,2,5,2,10
419,1,2,3,9,1,
420,2,4,3,10,2,14
421,1,3,2,7,2,
422,3,2,1,4,1,9
423,2,2,2,4,2,29
424,1,3,2,8,2,24
425,1,4,2,10,2,11
426,2,2,2,5,2,
427,1,2,3,4,1,13
428,1,3,1,9,1,13
429,1,2,1,-1,1,
430,2,2,2,5,2,10
431,3,4,2,6,2,7
432,4,4,4,7,3,11
433,2,2,2,5,2,43
434,2,4,2,6,2,7
435,2,4,3,8,2,16
436,2,2,2,5,2,17
437,2,4,2,5,2,14
438,1,2,1,4,,23
439,1,4,3,4,1,9
440,1,2,2,1,,5
441,2,2,2,5,,
442,1,3,2,8,2,952
443,1,2,2,7,1,15
444,2,2,2,7,2,14
445,1,4,1,8,1,17
446,2,2,3,5,,34
447,2,4,3,7,2,16
448,2,4,2,5,2,33
449,1,2,3,7,1,17
450,1,2,1,6,,30
451,1,2,3,4,,
452,1,2,2,7,2,45
453,2,3,2,8,2,13
454,1,4,2,9,2,8
455,2,3,3,5,2,19
456,2,2,3,9,,47
457,2,1,2,-1,2,15
458,2,2,2,6,,32
459,2,4,3,10,1,
460,1,2,3,8,2,14
461,4,3,1,7,1,
462,1,2,2,3,2,18
463,2,3,2,1,2,
464,1,4,1,7,1,14
465,4,3,2,5,,10
466,2,4,2,5,,11535
467,2,3,2,6,2,
468,2,2,2,4,2,8
469,2,4,3,10,2,17
470,2,3,2,5,2,16
471,1,3,3,8,1,17
472,2,1,2,5,2,28
473,2,2,2,6,,252
474,1,2,2,5,,13
475,2,4,3,6,2,654
476,1,2,3,8,1,20
477,4,3,-1,-1,,6
478,2,1,2,5,2,
479,1,3,2,7,2,16
480,1,2,2,5,,20
481,1,4,2,8,2,20
482,1,2,4,5,,14
483,2,4,2,5,2,100
484,2,3,2,8,2,26
485,2,2,2,2,,
486,2,3,2,5,2,
487,2,3,2,10,2,11
488,4,3,1,7,1,10
489,2,2,2,6,2,1357
490,1,2,1,5,1,14
491,1,4,3,10,1,23
492,2,2,4,10,,12
493,2,3,2,5,,12
494,4,2,3,5,2,
495,2,3,-1,8,-1,19
496,1,3,1,6,1,23
497,1,2,3,8,,9
498,2,2,2,4,,33
499,1,4,3,8,1,17
500,2,3,2,7,2,
501,2,4,3,8,2,4
502,1,4,3,7,3,25
503,1,2,1,10,1,21
504,1,1,3,7,-1,19
505,1,1,2,5,1,27
506,1,2,3,5,,36
507,2,3,1,4,,21
508,4,2,2,6,,
509,1,2,2,2,,
510,2,2,2,3,2,35
511,1,4,2,7,2,12
512,2,1,2,6,,
513,1,4,2,8,2,9
514,1,4,1,8,1,15
515,1,3,3,9,2,15
516,2,4,3,8,,58
517,2,4,2,8,2,11
518,1,1,2,9,2,24
519,2,4,3,6,2,27
520,4,2,4,3,1,
521,1,2,2,8,2,31
522,2,3,2,9,2,16
523,2,4,1,8,2,
524,2,3,-1,1,,16
525,1,3,2,7,,14
526,2,1,3,2,,
527,2,2,2,5,2,24
528,1,4,2,8,2,16
529,2,3,2,3,2,12
530,1,3,3,8,1,32
531,2,3,2,4,2,71
532,2,3,4,9,2,15
533,1,3,2,4,2,9
534,1,3,2,4,2,27
535,2,4,2,5,2,49
536,1,3,4,7,1,61
537,2,3,2,9,2,25
538,1,2,1,2,,13
539,2,3,2,9,2,9
540,1,2,2,5,2,
541,2,2,2,2,2,
542,2,4,-1,8,-1,20
543,1,4,3,5,1,12
544,2,4,2,10,2,15
545,2,1,3,7,,13
546,2,3,2,5,2,45
547,2,4,-1,8,-1,
548,2,2,2,4,2,49
549,1,2,3,5,2,21
550,1,3,1,9,1,24
551,1,3,3,7,1,
552,2,2,2,7,2,23
553,1,3,2,4,,
554,2,4,2,8,2,
555,2,2,3,5,,5
556,2,4,2,9,2,13
557,2,2,2,7,2,
558,1,2,2,6,2,14
559,2,2,2,9,2,733
560,2,2,2,8,2,29
561,2,3,2,7,2,26
562,2,1,2,1,,69
563,2,2,2,7,2,
564,2,2,2,6,,4
565,1,4,-1,-1,,3
566,2,3,2,6,2,18
567,3,2,3,4,2,17
568,2,4,2,4,2,21
569,2,4,2,8,2,27
570,2,4,2,5,2,19
571,1,3,1,8,,11
572,2,3,1,7,,16
573,2,2,2,7,2,53
574,1,1,1,5,1,17
575,2,2,2,5,2,31
576,1,4,2,10,2,
577,3,4,2,6,,10
578,2,3,2,7,2,17
579,2,4,2,10,2,
580,2,4,2,6,2,14
581,1,4,1,8,1,9
582,2,4,2,7,2,9
583,2,4,2,7,2,22
584,2,3,2,6,2,4127
585,2,3,2,8,2,18
586,1,4,2,6,2,8
587,2,4,2,8,2,
588,2,3,2,8,2,12
589,2,2,2,9,2,
590,2,1,2,9,2,3407
591,1,2,2,5,2,15
592,2,2,2,2,2,11
593,1,2,2,5,2,
594,1,2,-1,-1,,6
595,4,2,3,5,,13
596,2,2,3,4,,46
597,2,3,2,5,2,19
598,2,3,2,7,2,30
599,2,4,2,6,2,23
600,2,4,3,6,2,7539
601,2,4,2,9,2,57
602,2,3,2,7,,13694
603,2,4,3,10,2,71
604,1,2,-1,5,2,12
605,3,3,2,8,,16
606,2,2,2,3,2,39
607,2,3,2,8,2,16
608,2,2,2,7,2,
609,2,3,2,6,2,
610,2,3,4,5,,13
611,2,3,2,7,2,30
612,2,2,2,5,2,
613,2,2,2,8,2,4793
614,2,2,-1,5,-1,14
615,1,3,1,5,1,24
616,2,3,2,3,2,892
617,1,4,2,8,2,10
618,2,4,2,5,2,40
619,2,2,2,5,2,21
620,2,2,2,7,2,28
621,2,1,2,7,2,67
622,2,4,2,10,2,13
623,2,3,2,7,2,
624,2,3,2,7,2,15
625,2,2,2,1,2,13954
626,2,3,3,8,2,22
627,2,2,2,5,2,19
628,2,3,2,8,2,
629,1,2,3,4,1,
630,2,2,2,6,2,17
631,1,2,1,8,1,
632,4,1,2,2,,2
633,2,3,2,8,2,15
634,2,3,2,8,2,35
635,1,4,1,5,1,13
636,1,2,-1,7,,12
637,2,2,3,6,,11
638,1,2,1,7,1,35
639,1,2,3,7,1,16
640,1,3,3,10,1,12
641,2,3,2,6,2,57
642,2,2,2,6,2,4374
643,1,4,1,10,,20
644,1,3,4,4,2,13
645,4,1,2,5,,3
646,2,2,4,10,,
647,2,1,2,7,2,14
648,1,3,4,5,2,11
649,1,2,3,2,,21
650,2,1,2,-1,,
651,2,4,-1,1,,
652,2,4,4,10,,36
653,2,2,2,7,,14
654,2,1,2,7,2,12
655,1,3,1,8,1,17
656,1,3,1,5,1,
657,2,1,2,5,2,11
658,1,4,2,5,2,30
659,1,4,2,6,1,10
660,3,4,3,7,,
661,1,2,1,8,1,10
662,2,4,2,8,2,2304
663,4,1,2,-1,,8
664,1,2,3,8,1,65
665,2,4,2,7,2,14
666,1,4,2,7,2,10
667,1,2,1,7,1,
668,2,2,2,8,2,22
669,1,2,1,9,1,13
670,3,3,2,1,2,41
671,2,3,2,8,2,17
672,1,3,2,7,2,20
673,4,4,3,9,2,31
674,2,2,2,2,2,
675,2,3,1,10,2,22
676,2,2,3,8,2,19
677,2,3,2,3,2,10
678,2,3,3,8,2,286
679,1,2,3,8,1,22
680,1,1,1,7,1,25
681,3,4,2,7,,
682,2,2,2,2,2,30
683,2,3,2,7,2,13
684,2,4,2,9,2,17
685,1,1,3,5,,913
686,1,2,1,7,,
687,1,4,2,8,2,21
688,5,4,4,7,3,13
689,2,3,2,7,2,22
690,1,4,2,9,2,10
691,2,4,3,8,2,18
692,2,3,2,5,2,29
693,2,4,2,4,,44
694,1,1,4,5,2,20
695,4,3,2,6,,
696,1,3,3,7,1,15
697,2,2,2,3,,
698,2,1,2,8,,17
699,5,2,2,7,,33
700,1,2,3,6,1,14
701,2,4,2,8,2,45
702,2,1,2,7,2,17
703,2,4,2,7,2,
704,1,3,3,6,1,
705,1,4,1,8,1,7
706,1,2,3,6,,24
707,1,2,1,6,1,
708,2,2,2,5,,9
709,1,3,3,6,2,3
710,2,3,3,6,,17
711,1,2,3,5,,25
712,1,3,1,6,1,19748
713,2,2,2,6,2,15
714,1,4,1,7,1,9
715,2,2,2,6,2,9
716,2,4,1,9,2,23
717,1,2,3,3,2,12
718,1,1,1,5,1,31
719,1,4,3,9,2,18
720,2,2,2,9,2,51
721,1,2,3,2,,18
722,2,2,2,8,,16
723,2,1,2,6,2,32
724,2,1,3,5,2,
725,2,2,2,10,2,27
726,1,4,1,8,1,19
727,1,2,2,4,2,15
728,2,1,2,8,2,24
729,2,2,2,3,2,
730,2,2,2,7,,17
731,1,2,2,7,2,12
732,1,4,3,8,,21
733,2,2,2,5,3,
734,2,2,2,9,2,14
735,1,2,2,7,2,1332
736,1,2,2,6,2,27
737,2,2,2,5,2,28
738,2,2,2,9,2,49
739,2,4,2,8,2,
740,2,2,2,7,-1,
741,2,2,3,6,3,5
742,1,2,2,7,2,24
743,2,1,2,7,2,3925
744,1,2,2,-1,2,17
745,2,3,2,10,2,12
746,1,4,1,8,1,9
747,4,3,2,7,,12
748,2,4,3,8,2,21
749,1,2,-1,8,1,39
750,1,4,2,6,,14
751,1,3,3,10,1,20
752,2,4,2,6,2,7
753,2,3,1,3,1,43
754,1,3,1,7,,
755,1,4,1,6,1,13
756,1,3,2,9,2,46
757,1,3,2,4,2,11
758,2,2,2,7,2,
759,2,3,2,4,2,29
760,1,4,3,6,1,10
761,2,3,3,8,2,15
762,1,2,3,7,2,7
763,4,2,3,4,2,
764,2,2,2,6,,7115
765,2,4,3,6,2,11
766,2,4,2,9,2,
767,2,3,3,7,2,18
768,2,3,2,1,2,
769,1,4,1,8,1,4244
770,1,4,1,7,3,47
771,2,2,2,4,2,29
772,1,4,3,7,2,16
773,1,4,3,9,2,16
774,1,4,2,8,2,12
775,2,4,3,10,2,
776,2,4,2,8,2,18
777,1,4,3,9,2,25
778,2,4,2,6,2,25
779,3,4,3,5,2,
780,1,4,1,7,1,22
781,2,3,2,7,2,11
782,1,2,4,6,,17
783,2,2,2,8,2,18
784,2,4,3,6,2,24
785,2,3,2,4,2,28
786,1,4,3,10,,22
787,2,3,2,10,2,
788,2,3,2,9,2,34
789,1,2,1,5,1,22
790,1,4,1,5,,47
791,1,3,1,8,1,38
792,4,2,2,4,2,
793,2,2,2,-1,2,13
794,2,4,2,10,2,14
795,1,4,3,9,1,17
796,1,4,2,10,2,14
797,2,3,2,9,2,41
798,1,2,2,4,2,27
799,1,1,1,8,1,17
800,2,4,2,10,-1,12679
801,2,4,2,9,2,
802,2,1,2,4,2,31
803,2,3,2,5,2,
804,1,2,1,9,1,88
805,1,2,1,7,1,45
806,1,4,3,8,1,72
807,1,2,1,1,,21
808,2,3,3,10,,1
809,1,3,1,8,1,17
810,2,2,2,6,,16
811,1,3,3,7,,
812,2,4,3,6,2,
813,2,2,2,5,2,576
814,2,4,2,7,2,15
815,1,4,1,10,1,
816,1,4,3,7,1,19
817,2,2,2,7,2,46
818,2,3,2,5,2,35
819,5,3,3,6,1,26
820,2,2,2,5,2,14
821,2,2,2,1,2,33
822,2,4,1,8,,74
823,2,4,3,10,1,15
824,2,3,2,5,2,29
825,2,4,4,8,,
826,2,4,3,6,2,10
827,1,3,2,4,2,
828,1,3,3,7,2,
829,1,4,3,10,1,15
830,2,4,2,9,-1,16
831,1,4,2,6,2,18
832,2,3,2,7,2,14
833,1,2,2,7,2,24
834,3,2,-1,-1,,3
835,1,4,2,2,,14
836,1,4,2,7,2,22
837,1,4,1,8,1,12
838,2,3,1,5,1,94
839,1,2,1,5,,1463
840,2,4,3,6,2,17
841,1,4,2,10,2,12
842,2,3,2,4,,21
843,2,4,2,8,2,
844,2,3,2,-1,2,9
845,2,3,2,6,2,27
846,1,2,1,7,1,18
847,1,4,2,8,2,
848,1,3,3,3,,4654
849,2,1,2,10,2,
850,2,2,2,6,2,43
851,2,2,2,6,2,19
852,2,4,2,5,2,17
853,1,4,1,9,1,12
854,2,4,2,8,2,
855,2,3,2,-1,2,
856,2,1,-1,-1,2,22
857,2,3,2,6,2,
858,1,3,1,8,,
859,1,4,1,8,1,13
860,1,4,3,9,2,8
861,1,4,3,9,2,34
862,2,4,2,8,2,20
863,1,3,2,7,2,16
864,2,4,2,8,2,8
865,1,3,1,3,1,22
866,4,2,-1,-1,,7
867,1,3,2,5,2,
868,4,1,2,9,2,2
869,2,1,2,5,,38
870,5,4,3,8,1,29
871,4,3,1,8,1,17
872,2,3,2,6,2,33
873,2,4,2,10,2,13
874,2,4,2,9,2,25
875,4,3,2,8,,
876,2,2,2,6,,
877,1,3,1,6,1,11
878,2,3,2,7,2,37
879,4,4,2,5,2,22
880,1,3,4,8,,
881,2,3,2,6,2,125
882,1,2,1,4,1,14
883,1,3,2,5,2,15
884,1,2,2,10,2,35
885,1,2,1,7,1,
886,2,3,2,6,2,11
887,1,2,2,5,2,47
888,2,3,-1,9,,43
889,2,3,2,9,,20
890,2,2,3,1,,22
891,2,4,2,4,,
892,2,3,-1,-1,-1,13
893,2,2,2,6,,
894,4,2,3,8,2,54
895,2,2,2,6,2,855
896,2,4,3,9,1,17
897,1,4,1,7,1,18
898,2,3,4,6,,14
899,2,4,3,8,2,
900,1,2,3,5,1,25
901,2,1,2,3,2,75
902,1,4,2,10,2,12
903,2,2,4,7,,
904,1,3,3,3,1,20
905,1,3,1,7,1,11
906,1,2,1,7,1,13
907,2,2,2,6,2,12
908,2,4,3,7,2,17
909,2,4,3,10,2,136
910,2,2,2,5,,24
911,2,2,2,10,2,9
912,5,1,3,6,1,21
913,1,4,1,10,1,24
914,1,1,1,3,,21
915,1,2,3,5,2,13
916,3,4,2,8,2,28
917,2,4,2,7,2,5165
918,1,4,1,7,2,8
919,2,2,3,10,1,
920,1,2,4,5,1,34
921,1,3,3,5,,19
922,2,3,3,6,,
923,2,4,2,6,2,22
924,1,4,3,10,1,11
925,2,2,2,10,2,4
926,2,3,2,3,2,24
927,3,4,2,8,2,34
928,2,3,2,4,2,67
929,2,3,2,8,2,32
930,3,3,2,7,2,8
931,2,3,2,2,2,
932,2,2,2,6,2,
933,2,3,3,5,,7
934,2,2,2,7,2,7
935,2,2,2,8,2,
936,2,3,2,7,2,22
937,1,3,3,7,2,6
938,1,3,3,8,2,8
939,2,2,3,5,,23
940,1,4,2,7,2,
941,2,2,2,3,2,
942,2,2,2,7,2,20
943,2,2,2,8,2,27
944,2,4,2,8,2,133
945,1,1,3,4,,
946,2,3,2,7,2,15
947,2,3,2,6,2,26
948,1,3,1,7,1,20
949,2,1,2,8,2,27
950,2,3,2,5,2,34
951,4,3,2,10,2,33
952,1,2,1,1,1,33
953,2,4,2,9,2,
954,3,4,2,7,2,10
955,2,3,2,4,2,204
956,2,3,3,6,,
957,2,3,-1,10,,241
958,2,4,2,6,2,29
959,1,2,2,1,,
960,2,2,2,3,,8
961,2,4,4,4,2,
962,4,1,3,4,,14
963,2,3,2,7,2,364
964,1,1,1,5,2,
965,2,3,2,5,2,
966,1,2,-1,9,-1,12
967,1,1,2,4,2,982
968,2,3,3,5,2,
969,1,2,1,7,,
970,2,3,3,6,2,
971,2,4,2,10,2,
972,2,3,2,10,2,
973,2,3,2,2,2,10
974,1,3,2,5,2,27
975,2,3,2,4,2,29
976,2,3,2,6,2,16
977,2,1,2,10,2,27
978,2,3,2,1,2,
979,2,3,3,5,,17
980,1,2,3,6,2,
981,2,4,2,8,2,17
982,2,2,4,5,3,
983,3,3,2,7,2,7
984,2,2,2,6,2,
985,1,4,2,9,2,15
986,1,4,1,-1,1,28
987,1,3,1,7,1,
988,2,2,2,5,-1,19
989,2,1,2,2,2,52
990,2,2,4,1,,18
991,4,1,3,4,,16
992,4,2,2,5,2,36
993,1,2,3,1,2,
994,1,4,3,8,2,8
995,1,2,2,1,2,19
996,2,4,2,8,2,11
997,2,2,2,6,2,13
998,2,4,3,6,2,21
999,2,4,1,10,3,22
1000,1,4,3,9,3,12
1001,2,3,2,8,2,11
1002,1,4,3,8,1,14
1003,2,1,1,10,,
1004,2,3,2,8,2,16
1005,2,4,2,8,2,33
1006,2,2,2,7,2,79
1007,2,3,2,10,2,15
1008,1,4,1,7,1,9
1009,2,2,2,4,2,33
1010,3,1,2,4,,
1011,1,2,1,7,1,23
1012,4,2,1,7,,
1013,2,4,3,8,2,22
1014,1,3,1,9,1,19
1015,2,2,2,7,2,
1016,2,3,2,10,2,1272
1017,1,2,2,7,2,18
1018,2,4,3,7,2,19
1019,1,3,1,6,1,7
1020,4,3,3,4,1,
1021,3,3,2,8,,12
1022,1,3,3,4,1,
1023,1,3,3,6,,11
1024,2,3,2,6,2,26
1025,1,4,2,9,,21
1026,2,4,3,8,2,27
1027,2,4,2,5,2,
1028,1,3,1,6,1,14
1029,2,1,2,7,2,11
1030,2,3,2,6,2,15
1031,4,2,1,7,1,12
1032,2,4,2,8,2,
1033,1,2,2,10,2,35
1034,2,4,1,7,2,26
1035,2,2,2,6,2,
1036,2,2,2,4,2,2
1037,2,3,2,8,2,14
1038,1,1,3,1,1,10
1039,1,2,2,4,3,
1040,1,4,1,10,1,11
1041,2,2,2,6,2,25
1042,2,3,2,3,2,43
1043,2,2,2,5,2,21
1044,1,3,2,10,2,
1045,2,1,2,7,2,13
1046,1,2,1,6,1,
1047,2,2,2,3,2,19
1048,1,3,1,10,1,10
1049,1,3,1,6,,18
1050,2,1,2,6,1,122
1051,2,3,2,-1,2,
1052,2,3,3,5,2,22
1053,1,4,3,7,1,
1054,2,3,2,5,2,163
1055,1,2,1,8,1,17
1056,2,4,2,8,2,22
1057,1,4,4,8,1,19
1058,2,4,3,8,2,28
1059,1,1,2,5,,12
1060,2,1,2,6,2,22
1061,2,4,2,7,2,
1062,1,2,1,2,,15
1063,2,1,2,3,2,26
1064,1,3,2,8,2,
1065,1,3,1,8,1,14
1066,1,4,1,10,1,14
1067,2,3,2,4,2,651
1068,4,1,3,7,2,
1069,1,4,1,10,1,19
1070,2,4,2,7,2,
1071,2,1,2,4,,
1072,2,4,2,8,2,60
1073,1,4,3,5,-1,
1074,2,4,2,3,,
1075,2,4,2,7,2,
1076,1,1,4,5,,10
1077,2,4,2,7,2,42
1078,2,3,2,6,2,
1079,1,3,1,1,1,69
1080,1,2,2,10,1,17
1081,2,2,4,5,,18
1082,1,4,2,5,2,
1083,4,2,2,2,2,22
1084,2,4,1,6,2,
1085,1,2,3,5,,10
1086,1,3,2,8,1,12
1087,2,3,2,9,2,19
1088,2,4,2,8,2,13
1089,3,4,3,10,2,20
1090,1,4,3,6,2,12
1091,2,2,2,8,2,
1092,2,4,2,10,2,
1093,2,1,2,7,2,67
1094,1,2,3,3,,14
1095,2,2,4,2,,521
1096,1,3,3,10,1,14
1097,4,1,1,5,,48
1098,2,3,2,4,2,32
1099,1,4,1,9,1,17
1100,2,2,2,1,2,14
1101,2,3,2,6,2,32
1102,2,2,3,8,,16
1103,1,2,1,8,2,14
1104,2,2,2,7,2,21
1105,2,3,2,10,2,8
1106,1,2,3,8,2,16
1107,1,3,1,8,1,
1108,1,3,2,7,2,
1109,1,3,1,5,1,46
1110,2,4,3,8,2,21
1111,2,3,2,7,2,37
1112,1,2,1,1,1,22
1113,2,4,3,8,2,
1114,2,2,2,4,2,12
1115,2,4,2,7,2,
1116,2,4,2,6,,6
1117,2,4,2,8,2,24
1118,1,3,1,7,1,16
1119,2,3,2,5,2,14
1120,2,3,2,7,2,21
1121,1,4,1,8,1,
1122,2,4,2,10,2,21
1123,1,1,1,6,1,8
1124,2,2,3,7,2,
1125,1,4,3,10,1,30
1126,1,4,1,10,2,
1127,2,3,2,7,2,24
1128,2,4,2,6,2,
1129,1,4,4,6,1,
1130,2,2,2,8,2,
1131,2,4,2,7,2,
1132,2,2,2,3,2,25
1133,2,3,2,5,,
1134,5,4,4,7,2,13
1135,2,1,2,5,2,
1136,1,4,1,7,1,19
1137,2,2,3,5,,9
1138,2,3,2,3,,41
1139,2,3,2,6,2,
1140,1,4,1,3,1,10
1141,2,3,2,8,2,17
1142,2,3,2,10,2,19
1143,1,4,3,5,1,
1144,1,4,4,9,1,16
1145,1,4,2,7,2,13
1146,1,4,3,8,2,16
1147,2,3,4,10,3,
1148,2,3,2,8,2,
1149,1,3,2,4,,19
1150,2,4,3,7,2,15
1151,2,3,2,8,2,18
1152,1,2,2,5,2,
1153,2,3,2,5,2,12
1154,2,3,2,9,2,20
1155,1,4,1,8,1,19
1156,2,1,3,9,,8
1157,2,4,2,5,2,14
1158,1,2,3,4,,15
1159,2,4,2,7,2,39
1160,2,2,2,2,2,
1161,2,4,2,6,2,38
1162,2,2,2,5,-1,
1163,2,3,2,10,,
1164,2,1,2,7,2,
1165,2,3,2,9,2,
1166,2,4,2,7,2,
1167,5,2,-1,-1,,1
1168,2,2,2,4,,
1169,1,1,3,8,2,
1170,1,2,2,7,2,
1171,2,1,2,10,2,
1172,1,2,4,7,,19
1173,2,4,2,6,2,23
1174,2,3,2,6,2,
1175,2,3,2,10,2,18
1176,4,1,4,8,1,
1177,2,4,2,8,2,
1178,4,2,2,9,2,23
1179,2,3,2,6,2,
1180,1,3,1,10,1,9
1181,1,2,2,8,1,18
1182,1,3,3,4,1,8
1183,2,4,2,7,2,
1184,2,4,2,5,2,19
1185,2,4,2,7,2,16
1186,2,2,2,6,2,5083
1187,1,2,1,10,1,
1188,2,3,2,8,2,22
1189,2,4,2,7,2,196
1190,2,3,2,10,2,31
1191,1,2,2,5,2,25
1192,2,3,2,6,2,34
1193,2,3,4,10,2,
1194,1,2,3,4,,39
1195,5,4,3,3,1,18
1196,2,4,2,10,2,21
1197,2,2,3,7,,4243
1198,1,3,2,8,2,
1199,2,2,3,5,,10
1200,2,3,3,8,2,
1201,2,1,-1,5,-1,12
1202,1,4,2,6,,
1203,1,3,1,6,1,13
1204,2,2,2,4,,
1205,2,2,3,7,2,1536
1206,2,2,2,7,2,24
1207,2,2,2,7,2,
1208,1,2,3,5,,9
1209,2,3,4,6,,
1210,2,3,2,7,2,24
1211,2,2,2,8,2,13
1212,1,1,2,4,2,12993
1213,1,3,3,4,2,84
1214,1,3,1,3,,15
1215,2,4,4,8,,20
1216,1,2,2,5,2,15
1217,2,2,2,-1,2,37
1218,2,4,2,4,2,14
1219,1,4,3,8,1,27
1220,1,3,2,7,,13
1221,2,4,2,6,2,15
1222,2,4,2,7,2,12
1223,2,2,3,3,,42
1224,2,4,2,9,2,10
1225,2,3,4,5,,
1226,5,3,1,6,1,18
1227,1,4,1,10,1,33
1228,1,1,3,2,,16
1229,1,4,1,7,1,16
1230,2,3,2,4,2,19
1231,2,2,3,5,,15
1232,2,3,2,7,2,
1233,2,4,2,8,2,
1234,2,4,2,7,2,1005
1235,2,1,3,3,,15
1236,2,3,2,10,2,27
1237,5,3,4,8,1,17
1238,2,3,3,5,,6
1239,2,1,2,3,2,
1240,2,4,3,5,,22
1241,4,2,2,10,,
1242,2,3,2,10,2,25
1243,2,3,3,7,2,19
1244,2,2,2,8,2,
1245,2,4,3,4,2,
1246,4,2,2,8,2,17
1247,1,3,3,8,1,23
1248,2,4,2,7,2,24
1249,1,2,3,8,2,16
1250,2,3,2,5,2,
1251,1,3,2,9,2,35
1252,2,2,2,4,2,23
1253,2,2,2,7,2,19
1254,2,3,3,4,,
1255,1,1,1,8,,10
1256,1,3,1,3,1,16
1257,1,2,3,5,,
1258,1,2,1,10,1,728
1259,4,3,2,8,2,20
1260,1,2,3,1,,23
1261,2,4,2,10,,13
1262,2,2,2,8,,
1263,1,1,3,10,,36
1264,2,4,2,7,2,27
1265,1,2,2,7,2,15
1266,2,4,2,10,2,13
1267,1,4,2,4,,10
1268,2,2,2,5,2,18
1269,1,2,4,9,,11
1270,1,4,3,7,2,12
1271,2,2,2,5,2,13
1272,2,2,2,6,,24
1273,2,4,2,7,2,17
1274,1,3,3,1,-1,
1275,1,2,1,10,1,40
1276,1,2,2,6,2,13
1277,1,3,3,8,2,20
1278,4,1,2,9,1,
1279,1,2,3,8,1,17
1280,2,3,4,1,,5
1281,2,2,2,5,2,
1282,2,3,2,3,2,7928
1283,3,4,3,8,1,20
1284,1,3,1,3,2,
1285,2,1,2,7,2,
1286,4,2,2,6,,32
1287,1,3,3,7,2,12
1288,2,4,2,7,2,5833
1289,2,4,2,6,2,16
1290,2,2,2,5,2,7
1291,2,4,2,9,2,
1292,2,2,2,4,2,26
1293,2,4,2,6,2,8
1294,2,3,3,9,2,11
1295,2,1,2,3,2,50
1296,1,2,3,9,2,33
1297,2,3,3,10,2,13
1298,2,4,2,5,2,
1299,1,4,1,10,1,16
1300,2,2,2,3,2,38
1301,2,2,2,6,,
1302,1,3,2,8,2,13
1303,2,4,3,8,2,34
1304,2,2,-1,-1,,
1305,2,1,2,5,2,17
1306,2,3,2,7,2,48
1307,1,3,3,7,2,10
1308,1,2,2,3,2,
1309,2,4,3,10,1,39
1310,1,2,3,5,2,29
1311,2,3,2,5,2,25
1312,1,3,4,8,1,9
1313,2,2,2,7,2,149
1314,1,1,3,5,-1,13
1315,2,4,1,8,2,
1316,2,3,2,7,2,
1317,1,4,1,8,1,25
1318,2,3,3,7,,9
1319,2,4,3,5,2,
1320,1,3,2,9,,7121
1321,2,3,2,7,2,16
1322,4,4,2,2,2,16
1323,1,2,1,5,,13
1324,2,4,2,8,2,14
1325,2,4,2,5,2,
1326,2,3,-1,8,-1,24
1327,2,4,3,8,2,45
1328,3,3,3,5,2,
1329,1,2,2,5,,42
1330,2,2,2,7,,21
1331,2,1,2,4,2,21
1332,2,2,2,2,2,14
1333,1,3,2,8,2,
1334,2,4,2,10,2,1372
1335,4,4,2,-1,2,
1336,2,2,2,7,2,40
1337,2,4,3,8,2,10
1338,2,3,3,6,,53
1339,2,3,2,6,,
1340,1,2,3,-1,1,12
1341,1,4,1,9,1,64
1342,2,2,2,8,2,
1343,1,2,4,10,,13
1344,2,1,2,1,2,
1345,1,2,2,6,2,32
1346,1,4,1,9,,
1347,2,4,-1,-1,1,3
1348,2,2,2,8,2,28
1349,2,2,2,5,,15
1350,1,2,2,6,2,16
1351,2,3,3,2,2,
1352,2,3,2,10,2,45
1353,2,4,2,10,2,
1354,2,2,2,5,2,
1355,1,3,3,4,2,24
1356,2,4,2,8,2,26
1357,2,4,2,10,2,
1358,2,1,2,5,,29
1359,2,3,2,6,2,19
1360,2,3,3,6,2,32
1361,2,3,2,7,2,11
1362,2,2,2,8,2,27
1363,2,3,2,5,2,41
1364,1,3,2,9,2,25
1365,2,1,2,7,2,
1366,4,1,3,5,,26
1367,2,3,2,5,2,
1368,2,3,3,1,2,198
1369,4,1,4,-1,,10
1370,1,3,-1,6,1,74
1371,2,3,2,9,2,
1372,1,3,2,8,,12
1373,3,1,2,7,2,15
1374,2,3,3,6,,41
1375,1,2,4,4,,1349
1376,1,3,3,4,-1,24
1377,3,3,3,6,2,11
1378,2,2,2,2,2,11
1379,3,2,2,3,,63
1380,2,1,3,1,,18
1381,1,4,2,7,2,13
1382,1,4,2,8,2,12611
1383,2,3,2,5,2,1088
1384,2,4,3,5,2,1099
1385,2,1,2,5,2,18
1386,1,4,2,7,2,
1387,2,3,2,3,,
1388,2,1,2,7,2,14
1389,2,2,2,5,2,9
1390,1,3,2,6,2,
1391,2,3,2,9,2,
1392,2,2,2,8,2,36
1393,2,2,2,6,2,20
1394,2,4,2,10,2,22
1395,1,3,1,7,3,12
1396,1,1,2,5,2,36
1397,1,2,1,5,,5
1398,2,3,4,6,2,53
1399,2,4,3,7,2,66
1400,1,3,1,7,2,2178
1401,2,3,2,5,2,
1402,2,2,2,6,2,990
1403,1,2,3,8,1,18
1404,2,4,3,6,2,30
1405,1,2,1,2,1,
1406,2,2,2,4,2,20
1407,2,4,2,10,2,
1408,2,1,2,10,,22
1409,2,2,2,2,2,300
1410,2,2,2,7,2,16
1411,2,4,3,9,2,17
1412,2,4,3,9,2,23
1413,1,4,2,4,2,14
1414,1,3,3,8,,14
1415,2,2,2,5,,7
1416,1,3,1,5,2,
1417,1,4,1,6,1,
1418,1,4,3,9,1,14
1419,2,3,2,7,2,
1420,2,4,1,8,1,
1421,1,1,1,5,1,10
1422,2,4,2,8,2,12
1423,2,3,1,6,1,30
1424,2,4,2,8,2,24
1425,2,3,2,3,,
1426,1,3,1,8,1,18
1427,1,4,3,7,1,18
1428,2,4,2,8,2,14
1429,2,1,3,8,1,18
1430,2,4,2,7,2,16
1431,4,1,1,7,1,
1432,1,2,2,4,,22
1433,2,2,-1,-1,,24
1434,2,3,2,7,2,1359
1435,1,2,2,8,2,20
1436,2,4,3,7,2,
1437,2,3,2,10,2,5
1438,2,4,3,8,2,19
1439,1,2,2,7,2,
1440,2,3,2,5,,
1441,2,4,2,7,2,13
1442,1,2,1,8,1,28
1443,2,1,2,5,2,45
1444,2,4,1,6,1,18
1445,2,3,3,-1,,
1446,2,2,2,1,,14
1447,4,3,2,6,2,
1448,1,3,3,10,3,
1449,2,4,3,10,2,10
1450,1,2,3,10,2,
1451,1,3,3,10,1,44
1452,1,4,1,7,1,15
1453,2,4,2,4,2,24
1454,2,3,2,6,2,14
1455,1,2,3,2,2,18
1456,2,4,2,1,,
1457,4,2,1,8,1,11
1458,1,3,2,5,2,
1459,4,1,2,5,2,
1460,4,1,2,4,,
1461,3,3,2,5,,
1462,2,2,3,5,,
1463,2,4,2,8,2,
1464,2,4,2,5,2,20
1465,1,2,3,7,2,12
1466,1,2,2,8,2,
1467,2,3,2,5,2,
1468,2,2,2,6,,
1469,2,3,2,7,2,
1470,4,4,3,5,2,7
1471,2,4,4,9,2,15
1472,1,1,3,3,1,
1473,1,3,2,5,,
1474,2,1,2,6,2,32
1475,2,3,2,9,2,
1476,2,2,2,7,2,
1477,2,3,1,6,1,32
1478,3,3,1,8,1,15
1479,1,2,1,6,1,12
1480,2,3,2,3,2,7
1481,2,4,2,7,2,21
1482,2,4,2,6,2,33
1483,2,3,2,8,2,55
1484,2,4,2,6,2,13
1485,2,2,3,1,,
1486,2,3,2,8,2,
1487,1,2,3,5,1,15
1488,1,4,3,7,3,
1489,1,1,3,1,,35
1490,2,2,-1,-1,2,
1491,2,3,2,6,2,
1492,2,3,2,4,,
1493,2,1,2,7,,32
1494,2,3,2,6,2,26
1495,2,2,2,7,2,18
1496,1,3,3,9,1,184
1497,2,3,2,1,2,15
1498,1,4,2,10,2,13
1499,5,4,2,9,2,21
1500,1,3,1,7,1,25
1501,1,2,1,3,1,17
1502,2,2,3,4,,13
1503,2,2,2,7,2,24
1504,2,3,2,5,2,
1505,1,2,3,5,,31
1506,3,4,1,8,1,
1507,2,3,3,10,,18
1508,1,2,3,9,1,14
1509,2,4,2,10,2,
1510,4,1,3,10,1,
1511,4,3,2,2,2,18
1512,2,2,2,3,,
1513,1,2,1,6,1,14
1514,2,3,2,6,,51
1515,2,1,2,7,,11
1516,2,3,3,5,2,
1517,2,3,3,3,2,11
1518,1,4,2,8,2,
1519,1,4,2,6,2,12
1520,2,4,3,8,1,7
1521,2,4,2,7,2,389
1522,2,2,2,7,2,25
1523,1,2,1,7,1,807
1524,1,1,2,6,,
1525,1,3,1,10,1,
1526,1,3,1,7,1,15
1527,2,4,3,-1,2,19
1528,2,4,2,6,2,62
1529,1,4,3,8,,
1530,2,2,2,10,2,
1531,4,1,2,2,,524
1532,1,4,2,9,2,
1533,2,2,2,10,,
1534,2,3,2,3,2,
1535,1,2,1,8,,16
1536,1,4,1,9,1,49
1537,2,3,2,7,2,16
1538,2,3,2,7,2,43
1539,1,4,1,10,1,13
1540,2,3,2,7,2,
1541,2,4,2,7,2,
1542,2,3,2,8,2,27
1543,2,4,2,7,2,12
1544,2,4,2,7,2,
1545,2,2,2,5,,14
1546,2,2,2,8,2,23
1547,1,4,2,9,2,12
1548,2,4,2,6,2,220
1549,1,2,3,1,,12
1550,1,2,3,4,,17
1551,1,3,1,7,,21
1552,2,2,2,7,2,27
1553,4,3,4,6,,
1554,1,2,1,4,,38
1555,1,1,2,5,2,
1556,2,3,2,7,2,2
1557,1,2,3,5,,
1558,2,3,2,6,2,20
1559,1,3,3,3,1,
1560,2,4,1,5,1,2876
1561,1,3,3,7,,
1562,4,1,2,6,2,26
1563,2,3,2,6,2,2219
1564,1,4,3,6,1,4
1565,2,4,2,6,2,23
1566,5,2,4,5,1,16
1567,1,2,3,2,,
1568,2,2,2,7,2,50
1569,1,3,1,8,2,33
1570,2,4,2,6,2,1757
1571,1,4,2,6,2,
1572,1,2,1,7,1,114
1573,2,3,2,5,2,16
1574,2,3,2,3,2,18
1575,4,3,1,6,1,25
1576,2,4,2,10,2,26
1577,2,3,2,4,2,123
1578,2,4,3,10,2,17
1579,1,4,2,5,2,13
1580,3,4,2,8,2,19
1581,1,4,3,8,1,19
1582,2,4,1,7,,
1583,4,2,3,6,,
1584,2,3,2,6,,19
1585,2,2,2,6,2,
1586,1,3,1,7,1,22
1587,2,3,2,10,2,21
1588,2,4,2,8,2,15
1589,1,4,3,9,2,
1590,1,2,3,7,,
1591,2,1,3,5,2,
1592,2,4,2,5,2,13
1593,2,3,2,9,2,
1594,2,3,2,8,2,
1595,2,2,2,1,2,87
1596,2,2,2,6,2,10
1597,2,4,2,8,2,22
1598,1,4,2,7,2,
1599,1,3,3,9,2,48
1600,2,3,2,10,,19
1601,2,2,2,10,,
1602,2,3,2,8,2,
1603,4,2,2,6,,
1604,2,2,2,6,2,25
1605,2,4,3,7,2,19
1606,1,4,3,3,2,9
1607,2,4,2,7,2,15
1608,1,4,3,9,3,34
1609,2,3,3,7,,
1610,2,4,2,7,2,29
1611,2,4,2,8,2,
1612,2,2,2,1,,33
1613,4,3,4,8,3,37
1614,1,3,1,8,1,12
1615,1,3,1,6,1,
1616,1,4,1,7,1,12
1617,1,3,2,-1,2,33
1618,1,3,3,7,1,6
1619,1,4,3,7,1,
1620,2,3,-1,5,2,16
1621,3,4,3,8,2,13
1622,1,2,2,6,,16
1623,2,4,2,8,2,43
1624,5,3,1,5,,26
1625,2,4,3,6,2,12
1626,1,3,1,5,1,
1627,1,4,2,8,2,
1628,2,2,2,5,2,13
1629,2,4,2,8,2,11
1630,2,4,2,4,2,15
1631,2,4,2,5,2,14
1632,2,2,2,3,2,
1633,2,2,2,9,2,19
1634,4,1,2,5,2,12
1635,1,4,3,6,2,20
1636,1,3,1,7,1,17
1637,1,2,3,6,,18
1638,2,2,3,10,2,138
1639,3,1,3,-1,,3
1640,1,3,2,5,2,
1641,1,3,3,3,1,47
1642,2,4,3,7,,9
1643,3,4,1,7,1,28
1644,5,4,2,7,2,12
1645,5,4,4,6,2,10
1646,1,4,1,7,1,
1647,2,2,3,7,2,
1648,1,3,3,7,2,31
1649,2,4,2,10,2,14
1650,2,4,2,7,2,
1651,1,4,2,7,2,123
1652,2,4,2,10,2,22
1653,2,3,2,6,2,14
1654,2,2,2,2,,
1655,1,2,4,7,1,
1656,2,2,2,6,2,14
1657,2,1,2,5,2,181
1658,2,4,2,6,2,12
1659,2,4,3,7,2,22
1660,2,1,3,7,2,
1661,1,2,2,9,,
1662,1,4,2,7,,
1663,2,3,2,6,2,57
1664,2,3,2,6,2,16
1665,2,4,2,10,2,
1666,2,2,2,7,2,17
1667,2,2,4,6,,
1668,1,4,2,8,2,22
1669,1,2,1,9,1,
1670,4,2,3,7,2,
1671,2,4,3,1,2,17
1672,2,3,2,5,2,11
1673,1,1,2,6,2,48
1674,2,4,2,7,2,309
1675,2,3,2,9,2,
1676,4,1,4,1,,
1677,2,2,4,7,,
1678,2,2,2,10,2,
1679,1,3,1,8,1,
1680,2,4,3,8,,18
1681,2,1,2,7,2,170
1682,2,4,2,8,2,9
1683,3,2,2,5,,
1684,2,4,2,10,2,
1685,1,2,1,6,2,11
1686,1,2,1,9,1,13
1687,1,3,3,5,2,
1688,2,4,2,4,2,12
1689,2,3,2,7,1,82
1690,1,2,1,6,1,18
1691,1,2,3,5,,10
1692,2,4,2,9,2,137
1693,1,3,1,5,1,14
1694,4,3,1,8,1,
1695,2,3,3,3,2,16
1696,2,3,2,5,2,
1697,2,4,2,8,2,
1698,2,4,4,9,2,
1699,1,4,4,5,2,11
1700,4,2,2,4,,
1701,2,1,3,5,2,27
1702,2,3,3,8,,
1703,2,4,3,6,2,12
1704,1,2,3,6,2,57
1705,1,2,2,6,,18
1706,2,3,2,7,2,11
1707,1,2,3,7,1,
1708,1,4,3,8,,
1709,1,2,3,3,,
1710,1,3,2,5,2,
1711,1,3,3,6,3,
1712,2,4,2,8,2,25
1713,2,4,2,9,-1,24
1714,2,2,2,6,,
1715,1,3,2,7,2,16
1716,4,4,3,8,2,17
1717,1,4,2,8,2,
1718,2,4,2,7,2,19
1719,1,4,3,7,3,12
1720,2,4,2,5,2,
1721,1,3,1,8,1,23
1722,1,3,1,3,1,21
1723,1,4,3,6,2,15
1724,2,2,2,7,,
1725,1,4,3,7,2,19
1726,2,2,2,4,2,27
1727,1,3,1,9,1,
1728,2,4,2,7,2,22
1729,2,4,2,7,2,
1730,1,2,2,2,,24
1731,2,2,2,2,2,
1732,2,3,2,6,2,
1733,2,4,2,8,2,
1734,2,3,2,4,2,93
1735,2,2,2,5,2,10
1736,2,4,2,10,2,
1737,1,4,2,8,2,
1738,2,3,3,6,,
1739,1,2,3,5,1,20
1740,3,3,2,8,2,10
1741,2,4,2,5,2,8
1742,4,3,2,9,2,
1743,3,4,2,2,,
1744,1,2,2,1,,
1745,4,2,2,-1,2,11
1746,2,2,3,7,2,
1747,2,4,3,6,2,26
1748,2,3,2,8,2,
1749,2,4,2,9,2,
1750,2,4,2,7,2,4798
1751,2,4,3,8,-1,10
1752,2,3,2,5,,12
1753,2,4,3,7,2,5766
1754,2,2,2,5,2,
1755,1,2,2,5,,
1756,2,4,2,7,2,
1757,5,3,3,2,1,
1758,2,3,2,4,2,
1759,1,3,4,5,1,
1760,2,3,2,5,2,18
1761,1,4,2,10,2,7
1762,2,4,3,7,2,27
1763,1,3,3,4,2,20
1764,2,4,3,8,2,39
1765,1,2,1,8,1,20
1766,1,4,3,7,1,
1767,1,3,1,7,1,32
1768,1,2,1,4,1,16
1769,4,2,4,5,,29
1770,1,4,1,8,1,12
1771,2,3,3,5,,6
1772,1,2,2,5,1,30
1773,1,2,2,4,2,8
1774,2,4,1,4,2,
1775,1,4,1,9,1,5091
1776,1,2,4,3,1,38
1777,1,2,2,4,,12
1778,1,3,1,7,1,11
1779,1,4,3,7,2,11
1780,1,4,2,7,,9
1781,2,4,2,9,2,67
1782,2,1,3,7,,
1783,2,4,4,8,2,17
1784,1,2,4,5,1,18
1785,2,2,-1,-1,2,
1786,2,4,3,6,2,
1787,2,3,2,9,2,12
1788,1,3,2,10,2,29
1789,2,1,2,2,2,44
1790,2,4,3,5,3,118
1791,2,3,2,8,2,
1792,2,4,3,4,2,
1793,4,2,2,8,,
1794,1,4,1,9,1,18
1795,1,2,-1,1,2,35
1796,2,3,2,6,2,18
1797,1,3,1,7,1,
1798,1,4,2,7,,
1799,2,4,3,8,2,11
1800,1,4,4,2,1,11
1801,2,2,2,8,2,50
1802,2,3,4,6,2,12
1803,2,2,2,6,2,24
1804,1,3,3,6,2,
1805,1,1,3,9,2,11
1806,2,3,2,8,2,16
1807,2,2,2,5,2,
1808,1,3,3,7,2,3587
1809,1,2,3,9,1,15
1810,1,2,2,7,2,
1811,2,3,2,6,2,
1812,2,4,2,7,2,18
1813,2,3,2,3,,
1814,2,4,2,10,2,40
1815,1,3,2,5,2,14
1816,1,4,2,8,2,13
1817,1,4,2,10,2,8
1818,2,3,4,1,,
1819,2,3,2,7,2,
1820,2,3,2,5,2,18
1821,2,3,3,8,2,4354
1822,2,3,2,2,2,1269
1823,1,3,1,1,1,11
1824,2,4,2,9,2,
1825,2,2,2,8,2,
1826,1,4,3,10,1,
1827,2,4,3,6,2,
1828,2,3,2,6,2,1884
1829,2,3,3,5,2,
1830,2,3,2,7,2,15
1831,2,3,2,1,2,
1832,2,2,2,5,2,
1833,1,2,-1,5,,10
1834,1,4,3,7,,13
1835,1,4,4,7,1,15
1836,2,1,2,1,2,38
1837,2,3,3,6,2,
1838,2,3,2,10,2,7
1839,2,4,2,10,2,
1840,2,2,2,5,2,1051
1841,1,4,1,6,2,17
1842,2,2,2,-1,2,24
1843,1,3,1,5,1,7
1844,2,3,2,7,2,20
1845,2,2,2,1,2,49
1846,2,1,3,5,2,25
1847,2,4,2,8,2,33
1848,2,3,3,6,2,
1849,2,2,2,7,2,126
1850,1,2,3,5,1,
1851,2,3,3,4,,10
1852,1,1,4,8,,10024
1853,2,4,2,6,2,16
1854,1,4,3,9,2,12
1855,2,3,2,5,2,10
1856,2,4,2,10,2,42
1857,2,2,1,10,2,
1858,1,3,1,9,,15
1859,2,2,3,7,2,
1860,1,2,2,7,2,
1861,2,3,2,3,2,11
1862,1,4,2,6,2,11
1863,2,3,2,5,2,4
1864,2,3,2,5,2,127
1865,1,2,3,10,2,
1866,1,3,2,1,2,23
1867,2,2,3,6,,
1868,1,4,2,7,2,
1869,2,2,2,5,,
1870,2,3,4,5,2,25
1871,1,3,3,5,1,16
1872,3,2,3,3,2,
1873,1,4,3,9,2,11
1874,2,4,2,8,,18
1875,4,1,2,3,2,
1876,4,3,3,8,2,
1877,2,2,2,3,2,
1878,2,1,3,5,,28
1879,2,4,2,10,2,29
1880,2,3,3,5,2,140
1881,2,2,2,5,2,15
1882,4,3,3,2,,
1883,2,2,2,3,,
1884,5,4,3,7,3,
1885,4,4,2,6,2,
1886,2,4,2,7,2,
1887,1,2,3,4,,
1888,1,2,2,6,2,
1889,2,2,1,6,1,
1890,1,1,3,1,,
1891,2,2,2,4,2,24
1892,2,1,3,4,,14
1893,2,2,2,3,2,10609
1894,3,4,2,8,2,15
1895,2,3,2,7,,9
1896,2,4,2,6,2,12
1897,2,4,3,7,2,
1898,5,2,1,9,1,12
1899,2,3,2,4,2,
1900,1,4,2,9,2,8
1901,1,2,3,3,2,14
1902,2,4,4,8,2,
1903,1,3,1,4,1,28
1904,1,2,2,6,2,
1905,2,4,3,7,2,12
1906,1,4,1,5,1,
1907,2,4,2,9,2,
1908,1,4,3,3,3,
1909,1,3,1,7,1,13
1910,1,2,1,8,1,12
1911,2,2,2,9,2,15
1912,2,2,2,6,2,25
1913,2,4,3,6,2,11
1914,1,2,1,7,1,
1915,5,4,1,5,2,19
1916,1,4,1,3,1,15
1917,4,1,2,7,,9
1918,2,1,2,4,2,
1919,4,1,3,6,1,
1920,1,2,2,5,2,32
1921,2,3,2,7,,9
1922,1,2,1,5,1,
1923,2,4,3,9,1,22
1924,2,4,3,7,2,
1925,2,1,4,5,,17
1926,2,3,2,3,,21
1927,2,2,3,1,2,25
1928,1,4,2,6,2,
1929,2,4,2,7,2,47
1930,2,2,2,6,2,
1931,2,3,2,10,2,60
1932,1,2,3,10,2,
1933,2,3,4,6,2,
1934,2,3,2,7,2,12
1935,1,2,1,4,,
1936,2,3,4,7,2,44
1937,4,2,1,5,,
1938,1,2,2,8,,18
1939,2,1,2,5,2,8
1940,2,1,3,9,2,
1941,2,4,2,6,,508
1942,2,3,2,8,,71
1943,1,3,1,10,1,
1944,2,2,2,3,2,38
1945,2,3,2,6,2,23
1946,2,3,2,7,2,
1947,1,4,4,5,,7
1948,1,3,3,5,,
1949,1,1,1,4,,
1950,2,2,2,6,2,25
1951,1,2,2,6,,27
1952,2,2,2,7,2,16
1953,1,2,3,4,1,15
1954,1,3,3,7,2,11
1955,1,2,3,-1,2,39
1956,2,3,2,4,2,102
1957,2,3,2,7,,21
1958,1,3,4,3,2,
1959,2,3,2,8,2,
1960,1,4,2,7,2,
1961,5,2,2,1,2,20
1962,2,4,2,9,2,14
1963,2,1,3,10,3,
1964,2,2,2,5,2,
1965,2,2,2,8,2,
1966,2,3,-1,5,-1,
1967,4,2,3,8,,12
1968,1,1,2,5,,
1969,1,3,2,5,2,59
1970,2,2,2,1,,
1971,2,2,2,6,,
1972,1,2,2,7,1,9
1973,2,3,1,3,,23
1974,2,2,2,7,2,
1975,2,3,3,8,2,27
1976,1,3,3,8,1,14
1977,1,2,2,7,2,
1978,2,1,3,5,2,
1979,3,3,2,4,2,14
1980,2,3,2,5,2,
1981,2,3,-1,8,2,17
1982,2,4,2,10,2,18
1983,2,4,3,5,2,1049
1984,2,2,2,6,2,
1985,1,2,2,5,,
1986,2,4,4,10,,62
1987,1,2,1,5,1,10
1988,2,3,3,-1,,
1989,1,1,1,8,,3
1990,4,2,2,10,,
1991,2,3,2,2,,
1992,2,1,2,6,2,15
1993,2,3,2,8,2,23
1994,2,4,3,6,2,
1995,2,2,2,8,,13
1996,1,4,1,8,1,14
1997,2,2,3,8,,
1998,4,2,2,3,2,
1999,2,2,2,5,2,
2000,2,3,2,5,2,20
2001,4,1,2,6,,
2002,4,3,2,8,2,20
2003,2,2,2,5,2,15
2004,1,4,1,7,,
2005,2,3,2,6,,23
2006,2,2,2,8,2,13
2007,2,2,2,9,2,
2008,2,2,2,7,2,331
2009,2,3,1,3,2,
2010,1,3,3,9,,6
2011,1,2,1,8,1,18
2012,2,2,2,5,,40
2013,4,1,2,1,,12
2014,1,4,2,8,2,44
2015,1,4,2,7,2,
2016,2,3,2,7,2,10
2017,2,4,2,-1,2,
2018,2,3,2,-1,2,17
2019,2,2,2,7,,
2020,1,4,1,10,1,12628
2021,1,3,2,8,-1,12
2022,2,2,2,2,2,19
2023,1,2,3,5,,16
2024,2,2,2,6,2,
2025,2,4,2,7,2,18
2026,2,2,2,10,2,
2027,1,4,1,7,1,35
2028,2,1,4,2,,
2029,1,2,2,7,,
2030,2,2,2,10,,
2031,1,3,3,6,2,9
2032,2,4,3,8,2,22
2033,1,3,3,6,2,15
2034,5,4,4,7,2,
2035,2,1,-1,2,,3
2036,1,4,1,8,1,9
2037,2,3,2,6,2,
2038,2,2,2,7,2,23
2039,4,4,3,8,2,
2040,4,4,1,5,1,13
2041,2,2,2,2,2,37
2042,2,2,2,7,2,7
2043,1,2,1,5,1,22
2044,1,1,3,5,,
2045,2,2,2,6,2,45
2046,2,3,2,4,2,17
2047,2,4,2,7,2,15
2048,5,1,2,10,2,11
2049,2,2,2,6,,30
2050,2,2,2,7,2,10
2051,1,2,2,7,2,
2052,1,3,3,9,2,15
2053,1,3,1,1,,11
2054,1,2,2,1,2,
2055,2,3,2,6,,
2056,2,3,2,5,2,
2057,4,2,2,7,2,
2058,1,2,1,3,1,
2059,1,4,3,5,2,
2060,2,4,3,-1,2,2
2061,5,2,3,4,2,
2062,1,2,3,9,,47
2063,1,2,2,8,1,4
2064,2,3,3,8,2,16
2065,2,3,2,9,2,32
2066,1,1,1,6,,
2067,2,2,3,5,,
2068,3,4,2,7,2,
2069,2,4,2,10,2,
2070,1,2,1,5,,17
2071,2,2,3,5,2,
2072,2,4,2,5,2,
2073,2,4,2,7,2,13
2074,2,4,2,5,2,13
2075,2,2,2,5,2,
2076,2,1,2,5,2,
2077,1,1,1,7,,19
2078,1,1,3,5,2,15
2079,1,3,2,8,1,
2080,2,3,2,5,2,22
2081,2,4,2,7,2,44
2082,2,3,2,10,2,27
2083,2,3,4,10,,
2084,1,4,2,7,2,
2085,1,4,3,9,2,
2086,1,2,1,6,,
2087,2,4,2,8,2,
2088,5,1,2,7,2,
2089,2,3,2,7,,36
2090,3,2,2,10,,8
2091,1,2,-1,6,-1,
2092,2,1,2,5,2,26
2093,2,3,3,4,2,166
2094,1,2,4,5,,
2095,2,2,3,6,,
2096,2,3,3,8,2,
2097,2,3,3,10,,
2098,2,3,2,8,2,24
2099,1,4,3,5,,38
2100,1,4,4,10,1,28
2101,2,4,2,7,2,12
2102,2,2,2,4,,
2103,2,4,2,8,2,75
2104,1,4,3,9,3,15
2105,2,3,4,5,,
2106,2,1,3,2,,14
2107,2,2,2,6,,
2108,2,3,2,-1,2,20
2109,2,4,3,10,2,
2110,1,4,1,7,1,11
2111,2,4,2,3,2,
2112,2,3,2,10,2,
2113,2,2,2,7,2,
2114,1,2,2,7,2,24
2115,2,2,2,2,2,26
2116,2,2,2,9,2,23
2117,2,3,2,5,2,43
2118,2,2,2,1,2,19
2119,1,3,3,3,2,10
2120,1,3,3,6,1,
2121,2,3,2,10,,11
2122,2,3,2,4,2,
2123,1,3,4,5,,20
2124,2,3,3,6,,29
2125,1,3,1,10,1,34
2126,5,2,3,7,,54
2127,2,4,2,4,2,
2128,4,1,2,-1,2,
2129,2,1,2,4,,17
2130,2,3,2,-1,2,22
2131,2,2,2,4,2,1430
2132,2,4,2,8,2,19
2133,2,4,2,7,2,27
2134,2,2,4,1,,17
2135,2,1,3,6,2,
2136,2,2,2,6,,
2137,2,3,2,5,2,18
2138,1,3,1,8,,50
2139,1,4,3,6,2,18
2140,2,1,2,1,,
2141,4,1,2,7,2,28
2142,1,4,1,6,1,19
2143,1,2,4,6,,10
2144,2,2,2,4,2,
2145,1,2,1,4,1,14
2146,2,3,2,2,2,991
2147,1,2,2,6,,11
2148,2,2,2,2,,
2149,1,2,2,6,2,
2150,1,3,3,5,2,
2151,2,3,3,6,2,14
2152,2,2,3,7,2,
2153,1,4,3,7,1,36
2154,1,4,3,5,,
2155,1,2,3,7,,
2156,2,3,2,7,2,35
2157,2,3,2,6,,
2158,1,3,1,5,1,26
2159,2,4,-1,-1,,6
2160,2,3,2,6,2,194
2161,2,4,3,10,,25
2162,2,1,2,1,2,
2163,4,2,2,6,,
2164,2,3,2,8,2,319
2165,2,2,4,6,,
2166,2,3,2,9,2,
2167,2,3,2,1,2,
2168,2,3,3,4,2,
2169,2,2,3,8,2,
2170,2,3,2,6,2,
2171,1,1,1,5,1,11
2172,2,4,2,8,2,
2173,1,1,3,5,1,12
2174,2,2,2,9,,35
2175,4,1,2,8,2,26
2176,1,2,2,5,2,
2177,2,2,2,4,2,30
2178,1,3,2,3,2,
2179,2,1,2,7,2,
2180,2,2,2,9,2,
2181,1,2,1,4,1,15
2182,2,4,2,6,2,
2183,1,2,1,8,1,
2184,4,1,2,10,2,38
2185,1,4,3,3,,10
2186,4,3,2,5,,
2187,2,1,2,8,2,
2188,2,1,2,5,,72
2189,1,2,3,2,1,18
2190,2,3,2,7,2,21
2191,1,1,-1,-1,,
2192,2,4,3,10,2,22
2193,2,2,3,5,,
2194,2,3,2,3,2,
2195,1,3,3,7,1,
2196,2,3,2,7,2,30
2197,1,3,1,7,1,153
2198,4,4,2,8,2,
2199,1,3,1,5,1,
2200,1,2,3,6,,42
2201,1,2,1,10,1,10
2202,2,2,2,4,,19
2203,1,3,1,4,1,
2204,1,2,4,4,,28
2205,2,1,2,5,2,
2206,2,1,-1,-1,,19
2207,2,2,2,4,2,4409
2208,4,2,3,5,2,39
2209,1,1,2,4,2,15
2210,2,4,2,6,2,67
2211,1,4,1,7,1,15
2212,2,4,2,5,2,60
2213,2,4,3,5,2,17
2214,1,4,3,6,1,
2215,2,2,2,5,2,28
2216,2,4,3,6,2,12
2217,2,1,2,7,2,
2218,1,1,3,4,,
2219,2,1,2,10,,18
2220,2,4,2,10,2,
2221,2,1,2,6,2,56
2222,1,4,1,9,1,11
2223,1,2,2,3,1,
2224,1,2,1,5,1,
2225,4,2,3,4,2,
2226,4,1,1,4,,16
2227,2,4,2,-1,,
2228,4,3,1,8,1,
2229,1,4,1,8,1,
2230,2,3,2,10,2,32
2231,2,3,2,5,2,
2232,4,2,4,5,,
2233,2,3,3,10,2,
2234,2,2,-1,-1,-1,
2235,1,1,3,7,2,
2236,1,2,1,6,1,
2237,2,3,2,5,2,
2238,2,2,2,-1,2,42
2239,2,1,2,-1,,
2240,4,1,2,6,,50
2241,4,1,2,1,,
2242,2,2,2,5,2,
2243,2,4,2,4,2,33
2244,1,1,1,6,,23
2245,2,2,2,5,2,
2246,2,2,2,5,2,
2247,2,2,2,2,2,
2248,2,4,2,5,-1,
2249,2,4,2,9,2,20
2250,2,2,2,5,2,15
2251,1,4,3,8,2,
2252,2,3,2,7,2,
2253,2,1,3,8,2,87
2254,1,3,2,7,,
2255,2,2,2,2,2,
2256,2,3,4,-1,2,
2257,2,2,3,1,,10
2258,2,1,2,5,2,
2259,1,4,3,5,2,
2260,1,2,1,5,1,
2261,2,2,2,10,2,22
2262,2,1,2,7,2,
2263,2,4,2,8,,
2264,2,2,2,6,2,
2265,4,4,2,9,2,
2266,2,4,2,-1,2,68
2267,2,2,2,7,2,12
2268,2,4,3,7,2,
2269,2,2,2,8,2,32
2270,2,1,2,6,2,21
2271,2,4,3,9,2,
2272,2,3,2,3,2,
2273,2,1,3,9,,
2274,2,4,2,10,2,
2275,2,4,3,9,2,21
2276,2,4,2,10,2,
2277,2,3,3,2,2,16
2278,2,3,2,7,,
2279,2,4,2,7,2,
2280,2,3,3,3,2,11
2281,2,3,-1,5,-1,
2282,2,3,2,4,2,
2283,2,4,2,7,2,
2284,2,4,2,7,2,
2285,2,2,3,6,,13
2286,2,1,3,9,2,31
2287,2,4,2,8,2,10
2288,2,4,2,7,2,26
2289,2,4,2,6,,
2290,2,4,2,6,,18
2291,2,3,3,5,2,
2292,1,3,2,8,2,
2293,1,2,1,4,1,
2294,4,1,2,6,,
